{"assets/font_family/Almarai-Regular.ttf":["assets/font_family/Almarai-Regular.ttf"],"assets/font_family/Hacen-Tunisia-Lt.ttf":["assets/font_family/Hacen-Tunisia-Lt.ttf"],"assets/images/dark_background2.png":["assets/images/dark_background2.png"],"assets/images/icons/png/frame_height_png.png":["assets/images/icons/png/frame_height_png.png"],"assets/images/icons/png/frame_length_png.png":["assets/images/icons/png/frame_length_png.png"],"assets/images/icons/png/frame_width_png.png":["assets/images/icons/png/frame_width_png.png"],"assets/images/icons/png/lens_height_png.png":["assets/images/icons/png/lens_height_png.png"],"assets/images/icons/png/lens_width_png.png":["assets/images/icons/png/lens_width_png.png"],"assets/images/icons/png/logo_icon.png":["assets/images/icons/png/logo_icon.png"],"assets/images/icons/svg/Location.png":["assets/images/icons/svg/Location.png"],"assets/images/icons/svg/availbale_galsses_color_svg.svg":["assets/images/icons/svg/availbale_galsses_color_svg.svg"],"assets/images/icons/svg/brand_btnv_svg.svg":["assets/images/icons/svg/brand_btnv_svg.svg"],"assets/images/icons/svg/camera.svg":["assets/images/icons/svg/camera.svg"],"assets/images/icons/svg/cart_btnv_svg.svg":["assets/images/icons/svg/cart_btnv_svg.svg"],"assets/images/icons/svg/check_add_to_cart_svg.svg":["assets/images/icons/svg/check_add_to_cart_svg.svg"],"assets/images/icons/svg/edit_icon_svg.svg":["assets/images/icons/svg/edit_icon_svg.svg"],"assets/images/icons/svg/faild_activi_account_svg.svg":["assets/images/icons/svg/faild_activi_account_svg.svg"],"assets/images/icons/svg/glass_e_large_svg.svg":["assets/images/icons/svg/glass_e_large_svg.svg"],"assets/images/icons/svg/glass_large_svg.svg":["assets/images/icons/svg/glass_large_svg.svg"],"assets/images/icons/svg/glass_medium_svg.svg":["assets/images/icons/svg/glass_medium_svg.svg"],"assets/images/icons/svg/glass_small_svg.svg":["assets/images/icons/svg/glass_small_svg.svg"],"assets/images/icons/svg/glasses_svg.svg":["assets/images/icons/svg/glasses_svg.svg"],"assets/images/icons/svg/gmail.svg":["assets/images/icons/svg/gmail.svg"],"assets/images/icons/svg/home_btnv_svg.svg":["assets/images/icons/svg/home_btnv_svg.svg"],"assets/images/icons/svg/instagram.svg":["assets/images/icons/svg/instagram.svg"],"assets/images/icons/svg/lenses_company_svg.svg":["assets/images/icons/svg/lenses_company_svg.svg"],"assets/images/icons/svg/lenses_svg.svg":["assets/images/icons/svg/lenses_svg.svg"],"assets/images/icons/svg/location_png.png":["assets/images/icons/svg/location_png.png"],"assets/images/icons/svg/lock_svg.svg":["assets/images/icons/svg/lock_svg.svg"],"assets/images/icons/svg/login_svg.svg":["assets/images/icons/svg/login_svg.svg"],"assets/images/icons/svg/logout_svg.svg":["assets/images/icons/svg/logout_svg.svg"],"assets/images/icons/svg/love.svg":["assets/images/icons/svg/love.svg"],"assets/images/icons/svg/love_fill.svg":["assets/images/icons/svg/love_fill.svg"],"assets/images/icons/svg/new.svg":["assets/images/icons/svg/new.svg"],"assets/images/icons/svg/order_drawer.svg":["assets/images/icons/svg/order_drawer.svg"],"assets/images/icons/svg/paper.svg":["assets/images/icons/svg/paper.svg"],"assets/images/icons/svg/phone_sq.svg":["assets/images/icons/svg/phone_sq.svg"],"assets/images/icons/svg/phone_svg.svg":["assets/images/icons/svg/phone_svg.svg"],"assets/images/icons/svg/privecy.svg":["assets/images/icons/svg/privecy.svg"],"assets/images/icons/svg/review_drawer.svg":["assets/images/icons/svg/review_drawer.svg"],"assets/images/icons/svg/sales_svg.svg":["assets/images/icons/svg/sales_svg.svg"],"assets/images/icons/svg/search.svg":["assets/images/icons/svg/search.svg"],"assets/images/icons/svg/sections_btnv_svg.svg":["assets/images/icons/svg/sections_btnv_svg.svg"],"assets/images/icons/svg/settings_drawer.svg":["assets/images/icons/svg/settings_drawer.svg"],"assets/images/icons/svg/star.svg":["assets/images/icons/svg/star.svg"],"assets/images/icons/svg/sunsize.svg":["assets/images/icons/svg/sunsize.svg"],"assets/images/icons/svg/supported_team_svg.svg":["assets/images/icons/svg/supported_team_svg.svg"],"assets/images/icons/svg/telephone.svg":["assets/images/icons/svg/telephone.svg"],"assets/images/icons/svg/test_result_svg.svg":["assets/images/icons/svg/test_result_svg.svg"],"assets/images/icons/svg/twitter.svg":["assets/images/icons/svg/twitter.svg"],"assets/images/icons/svg/user-privacy-security.svg":["assets/images/icons/svg/user-privacy-security.svg"],"assets/images/icons/svg/user.svg":["assets/images/icons/svg/user.svg"],"assets/images/icons/svg/user_btnv_svg.svg":["assets/images/icons/svg/user_btnv_svg.svg"],"assets/images/icons/svg/user_svg.svg":["assets/images/icons/svg/user_svg.svg"],"assets/images/icons/svg/video_home_svg.svg":["assets/images/icons/svg/video_home_svg.svg"],"assets/images/icons/svg/wallet_drawer.svg":["assets/images/icons/svg/wallet_drawer.svg"],"assets/images/icons/svg/world.svg":["assets/images/icons/svg/world.svg"],"assets/images/image/background_siginin.jpg":["assets/images/image/background_siginin.jpg"],"assets/images/image/background_siginin.png":["assets/images/image/background_siginin.png"],"assets/images/image/background_siginin.svg":["assets/images/image/background_siginin.svg"],"assets/images/image/background_signup.jpg":["assets/images/image/background_signup.jpg"],"assets/images/image/background_verify.jpg":["assets/images/image/background_verify.jpg"],"assets/images/image/black_color.png":["assets/images/image/black_color.png"],"assets/images/image/blue_color.png":["assets/images/image/blue_color.png"],"assets/images/image/brown_color.png":["assets/images/image/brown_color.png"],"assets/images/image/defualt_image.png":["assets/images/image/defualt_image.png"],"assets/images/image/frame_and_lenses_1.png":["assets/images/image/frame_and_lenses_1.png"],"assets/images/image/frame_and_lenses_2.png":["assets/images/image/frame_and_lenses_2.png"],"assets/images/image/frame_and_lenses_3.png":["assets/images/image/frame_and_lenses_3.png"],"assets/images/image/frame_and_lenses_4.png":["assets/images/image/frame_and_lenses_4.png"],"assets/images/image/frame_and_lenses_5.png":["assets/images/image/frame_and_lenses_5.png"],"assets/images/image/frame_and_lenses_6.png":["assets/images/image/frame_and_lenses_6.png"],"assets/images/image/golden_color.png":["assets/images/image/golden_color.png"],"assets/images/image/gra_blue_color.png":["assets/images/image/gra_blue_color.png"],"assets/images/image/gra_brown_color.png":["assets/images/image/gra_brown_color.png"],"assets/images/image/green_color.png":["assets/images/image/green_color.png"],"assets/images/image/large_face_size.png":["assets/images/image/large_face_size.png"],"assets/images/image/logo.png":["assets/images/image/logo.png"],"assets/images/image/medical_glasses_test.png":["assets/images/image/medical_glasses_test.png"],"assets/images/image/medium_face_size.png":["assets/images/image/medium_face_size.png"],"assets/images/image/pink_color.png":["assets/images/image/pink_color.png"],"assets/images/image/select_1.png":["assets/images/image/select_1.png"],"assets/images/image/select_2.png":["assets/images/image/select_2.png"],"assets/images/image/size_1_shape_face.png":["assets/images/image/size_1_shape_face.png"],"assets/images/image/size_2_shape_face.png":["assets/images/image/size_2_shape_face.png"],"assets/images/image/size_3_shape_face.png":["assets/images/image/size_3_shape_face.png"],"assets/images/image/size_4_shape_face.png":["assets/images/image/size_4_shape_face.png"],"assets/images/image/size_5_shape_face.png":["assets/images/image/size_5_shape_face.png"],"assets/images/image/small_faze_size.png":["assets/images/image/small_faze_size.png"],"assets/images/image/sun_glasses_test.png":["assets/images/image/sun_glasses_test.png"],"assets/images/image/video.png":["assets/images/image/video.png"],"assets/images/image/white_color.png":["assets/images/image/white_color.png"],"assets/images/logo/logo_icon.png":["assets/images/logo/logo_icon.png"],"assets/images/logo/ojos_logo_app.png":["assets/images/logo/ojos_logo_app.png"],"assets/images/logo/ojos_logo_appww.png":["assets/images/logo/ojos_logo_appww.png"],"assets/images/logo/splash_logo.png":["assets/images/logo/splash_logo.png"],"assets/images/logo/splash_logo22.png":["assets/images/logo/splash_logo22.png"],"assets/images/logo/splash_logo_white.png":["assets/images/logo/splash_logo_white.png"],"assets/images/temp/ads_2.png":["assets/images/temp/ads_2.png"],"assets/images/temp/appbar_logo.svg":["assets/images/temp/appbar_logo.svg"],"assets/images/temp/brand_nav_bar.svg":["assets/images/temp/brand_nav_bar.svg"],"assets/images/temp/brands_1.PNG":["assets/images/temp/brands_1.PNG"],"assets/images/temp/brands_10.PNG":["assets/images/temp/brands_10.PNG"],"assets/images/temp/brands_11.PNG":["assets/images/temp/brands_11.PNG"],"assets/images/temp/brands_12.PNG":["assets/images/temp/brands_12.PNG"],"assets/images/temp/brands_13.PNG":["assets/images/temp/brands_13.PNG"],"assets/images/temp/brands_14.PNG":["assets/images/temp/brands_14.PNG"],"assets/images/temp/brands_15.PNG":["assets/images/temp/brands_15.PNG"],"assets/images/temp/brands_2.PNG":["assets/images/temp/brands_2.PNG"],"assets/images/temp/brands_3.PNG":["assets/images/temp/brands_3.PNG"],"assets/images/temp/brands_4.PNG":["assets/images/temp/brands_4.PNG"],"assets/images/temp/brands_5.PNG":["assets/images/temp/brands_5.PNG"],"assets/images/temp/brands_6.PNG":["assets/images/temp/brands_6.PNG"],"assets/images/temp/brands_7.PNG":["assets/images/temp/brands_7.PNG"],"assets/images/temp/brands_8.PNG":["assets/images/temp/brands_8.PNG"],"assets/images/temp/brands_9.PNG":["assets/images/temp/brands_9.PNG"],"assets/images/temp/camera.svg":["assets/images/temp/camera.svg"],"assets/images/temp/cart_nav_bar.svg":["assets/images/temp/cart_nav_bar.svg"],"assets/images/temp/cat_1.png":["assets/images/temp/cat_1.png"],"assets/images/temp/cat_1.svg":["assets/images/temp/cat_1.svg"],"assets/images/temp/cat_2.png":["assets/images/temp/cat_2.png"],"assets/images/temp/cat_2.svg":["assets/images/temp/cat_2.svg"],"assets/images/temp/cat_3.png":["assets/images/temp/cat_3.png"],"assets/images/temp/cat_3.svg":["assets/images/temp/cat_3.svg"],"assets/images/temp/filter.svg":["assets/images/temp/filter.svg"],"assets/images/temp/glass1.png":["assets/images/temp/glass1.png"],"assets/images/temp/home_ads_1.png":["assets/images/temp/home_ads_1.png"],"assets/images/temp/home_ads_2.png":["assets/images/temp/home_ads_2.png"],"assets/images/temp/home_nav_bar.svg":["assets/images/temp/home_nav_bar.svg"],"assets/images/temp/love.svg":["assets/images/temp/love.svg"],"assets/images/temp/men_pro_1.png":["assets/images/temp/men_pro_1.png"],"assets/images/temp/men_pro_2.png":["assets/images/temp/men_pro_2.png"],"assets/images/temp/new.svg":["assets/images/temp/new.svg"],"assets/images/temp/notification.svg":["assets/images/temp/notification.svg"],"assets/images/temp/paper.svg":["assets/images/temp/paper.svg"],"assets/images/temp/product_1.png":["assets/images/temp/product_1.png"],"assets/images/temp/product_2.png":["assets/images/temp/product_2.png"],"assets/images/temp/product_details_1.png":["assets/images/temp/product_details_1.png"],"assets/images/temp/profile_nav_bar.svg":["assets/images/temp/profile_nav_bar.svg"],"assets/images/temp/sales.svg":["assets/images/temp/sales.svg"],"assets/images/temp/search.svg":["assets/images/temp/search.svg"],"assets/images/temp/section_box_glasses.jpg":["assets/images/temp/section_box_glasses.jpg"],"assets/images/temp/section_lens.jpg":["assets/images/temp/section_lens.jpg"],"assets/images/temp/section_med_glasses.jpg":["assets/images/temp/section_med_glasses.jpg"],"assets/images/temp/section_nav_bar.svg":["assets/images/temp/section_nav_bar.svg"],"assets/images/temp/section_rmosh.jpg":["assets/images/temp/section_rmosh.jpg"],"assets/images/temp/section_sun_glasses.jpg":["assets/images/temp/section_sun_glasses.jpg"],"assets/images/temp/select_1.png":["assets/images/temp/select_1.png"],"assets/images/temp/select_2.png":["assets/images/temp/select_2.png"],"assets/images/temp/slider_image.png":["assets/images/temp/slider_image.png"],"assets/images/temp/slider_image.svg":["assets/images/temp/slider_image.svg"],"assets/images/temp/splash_w.png":["assets/images/temp/splash_w.png"],"assets/images/temp/star.svg":["assets/images/temp/star.svg"],"assets/images/temp/user.svg":["assets/images/temp/user.svg"],"assets/images/temp/video.png":["assets/images/temp/video.png"],"assets/locales/ar.json":["assets/locales/ar.json"],"assets/locales/en.json":["assets/locales/en.json"],"packages/cupertino_icons/assets/CupertinoIcons.ttf":["packages/cupertino_icons/assets/CupertinoIcons.ttf"],"packages/fluttertoast/assets/toastify.css":["packages/fluttertoast/assets/toastify.css"],"packages/fluttertoast/assets/toastify.js":["packages/fluttertoast/assets/toastify.js"],"packages/wakelock_web/assets/no_sleep.js":["packages/wakelock_web/assets/no_sleep.js"]}